Hour of Day,Total Posts,Avg Engagement Score,Avg Upvotes,Avg Comments,Category
17,27116,9.11,4.92,4.19,Best Hours to Post
4,15526,8.91,4.65,4.26,Best Hours to Post
2,16538,8.83,4.39,4.44,Best Hours to Post
19,27345,8.69,4.46,4.23,Best Hours to Post
15,21867,8.65,4.42,4.23,Best Hours to Post
16,24562,8.47,4.28,4.18,Best Hours to Post
1,18236,8.43,4.09,4.34,Best Hours to Post
21,26531,8.37,4.24,4.13,Best Hours to Post
18,28403,8.37,4.36,4.01,Best Hours to Post
23,22791,8.28,4.21,4.07,Best Hours to Post
