Subreddit,Total Posts,Avg Upvotes,Avg Comments,Avg Engagement Score,Category
MachineLearning,104135,7.25,4.61,11.87,Subreddit Performance
datascience,61515,4.53,5.98,10.51,Subreddit Performance
rstats,14043,4.25,5.13,9.38,Subreddit Performance
artificial,28169,5.61,3.19,8.8,Subreddit Performance
statistics,55327,3.08,4.56,7.64,Subreddit Performance
dataengineering,10755,1.64,5.76,7.4,Subreddit Performance
computerscience,40614,3.29,3.81,7.1,Subreddit Performance
datasets,15729,4.42,2.47,6.9,Subreddit Performance
learnmachinelearning,38853,3.77,2.82,6.59,Subreddit Performance
computervision,12656,2.94,3.47,6.41,Subreddit Performance
